id,type,category,category_ja,level,term_en,meaning_ja,example_en,tags
vocab_0001,vocabulary,risk_governance,リスク・ガバナンス,beginner,asset,資産,This asset requires follow-up by Friday.,"[""risk_governance"", ""beginner""]"
vocab_0002,vocabulary,risk_governance,リスク・ガバナンス,lower_intermediate,critical asset,重要資産,We need to review the critical asset before the meeting.,"[""risk_governance"", ""lower_intermediate""]"
vocab_0003,vocabulary,risk_governance,リスク・ガバナンス,intermediate,threat,脅威,The security team is checking the threat.,"[""risk_governance"", ""intermediate""]"
vocab_0004,vocabulary,risk_governance,リスク・ガバナンス,beginner,threat actor,脅威アクター,Please confirm the current threat actor.,"[""risk_governance"", ""beginner""]"
vocab_0005,vocabulary,risk_governance,リスク・ガバナンス,lower_intermediate,attack vector,攻撃経路,Please confirm the current attack vector.,"[""risk_governance"", ""lower_intermediate""]"
vocab_0006,vocabulary,risk_governance,リスク・ガバナンス,intermediate,attack surface,攻撃対象領域,The security team is checking the attack surface.,"[""risk_governance"", ""intermediate""]"
vocab_0007,vocabulary,risk_governance,リスク・ガバナンス,beginner,exposure,露出,This exposure requires follow-up by Friday.,"[""risk_governance"", ""beginner""]"
vocab_0008,vocabulary,risk_governance,リスク・ガバナンス,lower_intermediate,vulnerability,脆弱性,Please confirm the current vulnerability.,"[""risk_governance"", ""lower_intermediate""]"
vocab_0009,vocabulary,risk_governance,リスク・ガバナンス,intermediate,exploit,攻撃コード／悪用,We should document the exploit clearly.,"[""risk_governance"", ""intermediate""]"
vocab_0010,vocabulary,risk_governance,リスク・ガバナンス,beginner,risk,リスク,The security team is checking the risk.,"[""risk_governance"", ""beginner""]"
vocab_0011,vocabulary,risk_governance,リスク・ガバナンス,lower_intermediate,inherent risk,固有リスク,Please confirm the current inherent risk.,"[""risk_governance"", ""lower_intermediate""]"
vocab_0012,vocabulary,risk_governance,リスク・ガバナンス,intermediate,residual risk,残留リスク,We need to review the residual risk before the meeting.,"[""risk_governance"", ""intermediate""]"
vocab_0013,vocabulary,risk_governance,リスク・ガバナンス,beginner,likelihood,発生可能性,We should document the likelihood clearly.,"[""risk_governance"", ""beginner""]"
vocab_0014,vocabulary,risk_governance,リスク・ガバナンス,lower_intermediate,impact,影響,This impact requires follow-up by Friday.,"[""risk_governance"", ""lower_intermediate""]"
vocab_0015,vocabulary,risk_governance,リスク・ガバナンス,intermediate,risk rating,リスク評価レベル,The security team is checking the risk rating.,"[""risk_governance"", ""intermediate""]"
vocab_0016,vocabulary,risk_governance,リスク・ガバナンス,beginner,risk assessment,リスク評価,This risk assessment requires follow-up by Friday.,"[""risk_governance"", ""beginner""]"
vocab_0017,vocabulary,risk_governance,リスク・ガバナンス,lower_intermediate,risk treatment,リスク対応,Please confirm the current risk treatment.,"[""risk_governance"", ""lower_intermediate""]"
vocab_0018,vocabulary,risk_governance,リスク・ガバナンス,intermediate,risk acceptance,リスク受容,We need to review the risk acceptance before the meeting.,"[""risk_governance"", ""intermediate""]"
vocab_0019,vocabulary,risk_governance,リスク・ガバナンス,beginner,risk mitigation,リスク軽減,This risk mitigation requires follow-up by Friday.,"[""risk_governance"", ""beginner""]"
vocab_0020,vocabulary,risk_governance,リスク・ガバナンス,lower_intermediate,risk appetite,リスク許容度,The security team is checking the risk appetite.,"[""risk_governance"", ""lower_intermediate""]"
vocab_0021,vocabulary,risk_governance,リスク・ガバナンス,intermediate,control,管理策,The control may affect the incident response plan.,"[""risk_governance"", ""intermediate""]"
vocab_0022,vocabulary,risk_governance,リスク・ガバナンス,beginner,compensating control,代替管理策,Please confirm the current compensating control.,"[""risk_governance"", ""beginner""]"
vocab_0023,vocabulary,risk_governance,リスク・ガバナンス,lower_intermediate,control effectiveness,管理策の有効性,The control effectiveness may affect the incident response plan.,"[""risk_governance"", ""lower_intermediate""]"
vocab_0024,vocabulary,risk_governance,リスク・ガバナンス,intermediate,security posture,セキュリティ態勢,We should document the security posture clearly.,"[""risk_governance"", ""intermediate""]"
vocab_0025,vocabulary,risk_governance,リスク・ガバナンス,beginner,security baseline,セキュリティ基準,We need to review the security baseline before the meeting.,"[""risk_governance"", ""beginner""]"
vocab_0026,vocabulary,risk_governance,リスク・ガバナンス,lower_intermediate,defense in depth,多層防御,The defense in depth may affect the incident response plan.,"[""risk_governance"", ""lower_intermediate""]"
vocab_0027,vocabulary,risk_governance,リスク・ガバナンス,intermediate,acceptable risk,許容可能なリスク,Please confirm the current acceptable risk.,"[""risk_governance"", ""intermediate""]"
vocab_0028,vocabulary,risk_governance,リスク・ガバナンス,beginner,risk register,リスク登録簿,This risk register requires follow-up by Friday.,"[""risk_governance"", ""beginner""]"
vocab_0029,vocabulary,risk_governance,リスク・ガバナンス,lower_intermediate,policy exception,ポリシー例外,This policy exception requires follow-up by Friday.,"[""risk_governance"", ""lower_intermediate""]"
vocab_0030,vocabulary,risk_governance,リスク・ガバナンス,intermediate,governance,ガバナンス,We need to review the governance before the meeting.,"[""risk_governance"", ""intermediate""]"
vocab_0031,vocabulary,incident_response,インシデント対応,beginner,incident,インシデント,We should document the incident clearly.,"[""incident_response"", ""beginner""]"
vocab_0032,vocabulary,incident_response,インシデント対応,lower_intermediate,security event,セキュリティイベント,We should document the security event clearly.,"[""incident_response"", ""lower_intermediate""]"
vocab_0033,vocabulary,incident_response,インシデント対応,intermediate,alert,アラート,The alert may affect the incident response plan.,"[""incident_response"", ""intermediate""]"
vocab_0034,vocabulary,incident_response,インシデント対応,beginner,triage,トリアージ,We need to review the triage before the meeting.,"[""incident_response"", ""beginner""]"
vocab_0035,vocabulary,incident_response,インシデント対応,lower_intermediate,investigation,調査,We need to review the investigation before the meeting.,"[""incident_response"", ""lower_intermediate""]"
vocab_0036,vocabulary,incident_response,インシデント対応,intermediate,containment,封じ込め,Please confirm the current containment.,"[""incident_response"", ""intermediate""]"
vocab_0037,vocabulary,incident_response,インシデント対応,beginner,eradication,根絶,Please confirm the current eradication.,"[""incident_response"", ""beginner""]"
vocab_0038,vocabulary,incident_response,インシデント対応,lower_intermediate,recovery,復旧,This recovery requires follow-up by Friday.,"[""incident_response"", ""lower_intermediate""]"
vocab_0039,vocabulary,incident_response,インシデント対応,intermediate,lessons learned,教訓,The lessons learned may affect the incident response plan.,"[""incident_response"", ""intermediate""]"
vocab_0040,vocabulary,incident_response,インシデント対応,beginner,root cause,根本原因,This root cause requires follow-up by Friday.,"[""incident_response"", ""beginner""]"
vocab_0041,vocabulary,incident_response,インシデント対応,lower_intermediate,timeline,時系列,We need to review the timeline before the meeting.,"[""incident_response"", ""lower_intermediate""]"
vocab_0042,vocabulary,incident_response,インシデント対応,intermediate,scope,範囲,Please confirm the current scope.,"[""incident_response"", ""intermediate""]"
vocab_0043,vocabulary,incident_response,インシデント対応,beginner,severity,重大度,This severity requires follow-up by Friday.,"[""incident_response"", ""beginner""]"
vocab_0044,vocabulary,incident_response,インシデント対応,lower_intermediate,priority,優先度,The priority may affect the incident response plan.,"[""incident_response"", ""lower_intermediate""]"
vocab_0045,vocabulary,incident_response,インシデント対応,intermediate,escalation,エスカレーション,This escalation requires follow-up by Friday.,"[""incident_response"", ""intermediate""]"
vocab_0046,vocabulary,incident_response,インシデント対応,beginner,incident commander,インシデント指揮官,This incident commander requires follow-up by Friday.,"[""incident_response"", ""beginner""]"
vocab_0047,vocabulary,incident_response,インシデント対応,lower_intermediate,war room,緊急対応会議室,The security team is checking the war room.,"[""incident_response"", ""lower_intermediate""]"
vocab_0048,vocabulary,incident_response,インシデント対応,intermediate,bridge call,緊急電話会議,The security team is checking the bridge call.,"[""incident_response"", ""intermediate""]"
vocab_0049,vocabulary,incident_response,インシデント対応,beginner,status update,状況報告,This status update requires follow-up by Friday.,"[""incident_response"", ""beginner""]"
vocab_0050,vocabulary,incident_response,インシデント対応,lower_intermediate,action item,対応事項,The security team is checking the action item.,"[""incident_response"", ""lower_intermediate""]"
vocab_0051,vocabulary,incident_response,インシデント対応,intermediate,owner,担当者,Please confirm the current owner.,"[""incident_response"", ""intermediate""]"
vocab_0052,vocabulary,incident_response,インシデント対応,beginner,deadline,期限,We should document the deadline clearly.,"[""incident_response"", ""beginner""]"
vocab_0053,vocabulary,incident_response,インシデント対応,lower_intermediate,evidence,証拠,We should document the evidence clearly.,"[""incident_response"", ""lower_intermediate""]"
vocab_0054,vocabulary,incident_response,インシデント対応,intermediate,chain of custody,証拠保全の記録,We need to review the chain of custody before the meeting.,"[""incident_response"", ""intermediate""]"
vocab_0055,vocabulary,incident_response,インシデント対応,beginner,forensic image,フォレンジックイメージ,The security team is checking the forensic image.,"[""incident_response"", ""beginner""]"
vocab_0056,vocabulary,incident_response,インシデント対応,lower_intermediate,indicator of compromise,侵害指標,Please confirm the current indicator of compromise.,"[""incident_response"", ""lower_intermediate""]"
vocab_0057,vocabulary,incident_response,インシデント対応,intermediate,compromise,侵害,The security team is checking the compromise.,"[""incident_response"", ""intermediate""]"
vocab_0058,vocabulary,incident_response,インシデント対応,beginner,post-incident review,事後レビュー,The security team is checking the post-incident review.,"[""incident_response"", ""beginner""]"
vocab_0059,vocabulary,incident_response,インシデント対応,lower_intermediate,communication plan,連絡計画,We should document the communication plan clearly.,"[""incident_response"", ""lower_intermediate""]"
vocab_0060,vocabulary,incident_response,インシデント対応,intermediate,stakeholder notification,関係者通知,Please confirm the current stakeholder notification.,"[""incident_response"", ""intermediate""]"
vocab_0061,vocabulary,phishing_email,フィッシング・メール,beginner,phishing,フィッシング,Please confirm the current phishing.,"[""phishing_email"", ""beginner""]"
vocab_0062,vocabulary,phishing_email,フィッシング・メール,lower_intermediate,spear phishing,標的型フィッシング,The security team is checking the spear phishing.,"[""phishing_email"", ""lower_intermediate""]"
vocab_0063,vocabulary,phishing_email,フィッシング・メール,intermediate,whaling,経営層向けフィッシング,We should document the whaling clearly.,"[""phishing_email"", ""intermediate""]"
vocab_0064,vocabulary,phishing_email,フィッシング・メール,beginner,business email compromise,ビジネスメール詐欺,We should document the business email compromise clearly.,"[""phishing_email"", ""beginner""]"
vocab_0065,vocabulary,phishing_email,フィッシング・メール,lower_intermediate,malicious attachment,悪意ある添付ファイル,The malicious attachment may affect the incident response plan.,"[""phishing_email"", ""lower_intermediate""]"
vocab_0066,vocabulary,phishing_email,フィッシング・メール,intermediate,malicious link,悪意あるリンク,We should document the malicious link clearly.,"[""phishing_email"", ""intermediate""]"
vocab_0067,vocabulary,phishing_email,フィッシング・メール,beginner,sender,送信者,We need to review the sender before the meeting.,"[""phishing_email"", ""beginner""]"
vocab_0068,vocabulary,phishing_email,フィッシング・メール,lower_intermediate,recipient,受信者,We should document the recipient clearly.,"[""phishing_email"", ""lower_intermediate""]"
vocab_0069,vocabulary,phishing_email,フィッシング・メール,intermediate,spoofing,なりすまし,The security team is checking the spoofing.,"[""phishing_email"", ""intermediate""]"
vocab_0070,vocabulary,phishing_email,フィッシング・メール,beginner,impersonation,なりすまし,The impersonation may affect the incident response plan.,"[""phishing_email"", ""beginner""]"
vocab_0071,vocabulary,phishing_email,フィッシング・メール,lower_intermediate,quarantine,隔離,The quarantine may affect the incident response plan.,"[""phishing_email"", ""lower_intermediate""]"
vocab_0072,vocabulary,phishing_email,フィッシング・メール,intermediate,email gateway,メールゲートウェイ,The security team is checking the email gateway.,"[""phishing_email"", ""intermediate""]"
vocab_0073,vocabulary,phishing_email,フィッシング・メール,beginner,mail header,メールヘッダー,This mail header requires follow-up by Friday.,"[""phishing_email"", ""beginner""]"
vocab_0074,vocabulary,phishing_email,フィッシング・メール,lower_intermediate,header analysis,メールヘッダー分析,We should document the header analysis clearly.,"[""phishing_email"", ""lower_intermediate""]"
vocab_0075,vocabulary,phishing_email,フィッシング・メール,intermediate,domain reputation,ドメイン評価,This domain reputation requires follow-up by Friday.,"[""phishing_email"", ""intermediate""]"
vocab_0076,vocabulary,phishing_email,フィッシング・メール,beginner,URL reputation,URL評価,We should document the URL reputation clearly.,"[""phishing_email"", ""beginner""]"
vocab_0077,vocabulary,phishing_email,フィッシング・メール,lower_intermediate,user report,利用者報告,Please confirm the current user report.,"[""phishing_email"", ""lower_intermediate""]"
vocab_0078,vocabulary,phishing_email,フィッシング・メール,intermediate,credential harvesting,認証情報の窃取,We should document the credential harvesting clearly.,"[""phishing_email"", ""intermediate""]"
vocab_0079,vocabulary,phishing_email,フィッシング・メール,beginner,lookalike domain,類似ドメイン,We should document the lookalike domain clearly.,"[""phishing_email"", ""beginner""]"
vocab_0080,vocabulary,phishing_email,フィッシング・メール,lower_intermediate,typosquatting,タイポスクワッティング,This typosquatting requires follow-up by Friday.,"[""phishing_email"", ""lower_intermediate""]"
vocab_0081,vocabulary,phishing_email,フィッシング・メール,intermediate,DMARC,DMARC,This DMARC requires follow-up by Friday.,"[""phishing_email"", ""intermediate""]"
vocab_0082,vocabulary,phishing_email,フィッシング・メール,beginner,DKIM,DKIM,Please confirm the current DKIM.,"[""phishing_email"", ""beginner""]"
vocab_0083,vocabulary,phishing_email,フィッシング・メール,lower_intermediate,SPF,SPF,We need to review the SPF before the meeting.,"[""phishing_email"", ""lower_intermediate""]"
vocab_0084,vocabulary,phishing_email,フィッシング・メール,intermediate,mail flow rule,メールフロールール,This mail flow rule requires follow-up by Friday.,"[""phishing_email"", ""intermediate""]"
vocab_0085,vocabulary,phishing_email,フィッシング・メール,beginner,safe links,安全なリンク機能,We should document the safe links clearly.,"[""phishing_email"", ""beginner""]"
vocab_0086,vocabulary,phishing_email,フィッシング・メール,lower_intermediate,safe attachments,安全な添付ファイル機能,The safe attachments may affect the incident response plan.,"[""phishing_email"", ""lower_intermediate""]"
vocab_0087,vocabulary,phishing_email,フィッシング・メール,intermediate,campaign,キャンペーン,We need to review the campaign before the meeting.,"[""phishing_email"", ""intermediate""]"
vocab_0088,vocabulary,phishing_email,フィッシング・メール,beginner,takedown request,削除依頼,We need to review the takedown request before the meeting.,"[""phishing_email"", ""beginner""]"
vocab_0089,vocabulary,phishing_email,フィッシング・メール,lower_intermediate,awareness training,意識向上教育,We should document the awareness training clearly.,"[""phishing_email"", ""lower_intermediate""]"
vocab_0090,vocabulary,phishing_email,フィッシング・メール,intermediate,report phishing button,フィッシング報告ボタン,The security team is checking the report phishing button.,"[""phishing_email"", ""intermediate""]"
vocab_0091,vocabulary,malware_ransomware,マルウェア・ランサムウェア,beginner,malware,マルウェア,The security team is checking the malware.,"[""malware_ransomware"", ""beginner""]"
vocab_0092,vocabulary,malware_ransomware,マルウェア・ランサムウェア,lower_intermediate,ransomware,ランサムウェア,The security team is checking the ransomware.,"[""malware_ransomware"", ""lower_intermediate""]"
vocab_0093,vocabulary,malware_ransomware,マルウェア・ランサムウェア,intermediate,trojan,トロイの木馬,We should document the trojan clearly.,"[""malware_ransomware"", ""intermediate""]"
vocab_0094,vocabulary,malware_ransomware,マルウェア・ランサムウェア,beginner,worm,ワーム,Please confirm the current worm.,"[""malware_ransomware"", ""beginner""]"
vocab_0095,vocabulary,malware_ransomware,マルウェア・ランサムウェア,lower_intermediate,spyware,スパイウェア,The spyware may affect the incident response plan.,"[""malware_ransomware"", ""lower_intermediate""]"
vocab_0096,vocabulary,malware_ransomware,マルウェア・ランサムウェア,intermediate,keylogger,キーロガー,This keylogger requires follow-up by Friday.,"[""malware_ransomware"", ""intermediate""]"
vocab_0097,vocabulary,malware_ransomware,マルウェア・ランサムウェア,beginner,backdoor,バックドア,We should document the backdoor clearly.,"[""malware_ransomware"", ""beginner""]"
vocab_0098,vocabulary,malware_ransomware,マルウェア・ランサムウェア,lower_intermediate,payload,ペイロード,We need to review the payload before the meeting.,"[""malware_ransomware"", ""lower_intermediate""]"
vocab_0099,vocabulary,malware_ransomware,マルウェア・ランサムウェア,intermediate,dropper,ドロッパー,We need to review the dropper before the meeting.,"[""malware_ransomware"", ""intermediate""]"
vocab_0100,vocabulary,malware_ransomware,マルウェア・ランサムウェア,beginner,loader,ローダー,This loader requires follow-up by Friday.,"[""malware_ransomware"", ""beginner""]"
vocab_0101,vocabulary,malware_ransomware,マルウェア・ランサムウェア,lower_intermediate,command and control,C2,We should document the command and control clearly.,"[""malware_ransomware"", ""lower_intermediate""]"
vocab_0102,vocabulary,malware_ransomware,マルウェア・ランサムウェア,intermediate,C2 server,C2サーバー,We need to review the C2 server before the meeting.,"[""malware_ransomware"", ""intermediate""]"
vocab_0103,vocabulary,malware_ransomware,マルウェア・ランサムウェア,beginner,beaconing,ビーコン通信,The beaconing may affect the incident response plan.,"[""malware_ransomware"", ""beginner""]"
vocab_0104,vocabulary,malware_ransomware,マルウェア・ランサムウェア,lower_intermediate,lateral movement,横展開,The security team is checking the lateral movement.,"[""malware_ransomware"", ""lower_intermediate""]"
vocab_0105,vocabulary,malware_ransomware,マルウェア・ランサムウェア,intermediate,persistence,永続化,The security team is checking the persistence.,"[""malware_ransomware"", ""intermediate""]"
vocab_0106,vocabulary,malware_ransomware,マルウェア・ランサムウェア,beginner,privilege escalation,権限昇格,The privilege escalation may affect the incident response plan.,"[""malware_ransomware"", ""beginner""]"
vocab_0107,vocabulary,malware_ransomware,マルウェア・ランサムウェア,lower_intermediate,credential dumping,認証情報ダンプ,The security team is checking the credential dumping.,"[""malware_ransomware"", ""lower_intermediate""]"
vocab_0108,vocabulary,malware_ransomware,マルウェア・ランサムウェア,intermediate,data exfiltration,データ持ち出し,We need to review the data exfiltration before the meeting.,"[""malware_ransomware"", ""intermediate""]"
vocab_0109,vocabulary,malware_ransomware,マルウェア・ランサムウェア,beginner,ransom note,身代金要求文,Please confirm the current ransom note.,"[""malware_ransomware"", ""beginner""]"
vocab_0110,vocabulary,malware_ransomware,マルウェア・ランサムウェア,lower_intermediate,hash value,ハッシュ値,The hash value may affect the incident response plan.,"[""malware_ransomware"", ""lower_intermediate""]"
vocab_0111,vocabulary,malware_ransomware,マルウェア・ランサムウェア,intermediate,sandbox,サンドボックス,The security team is checking the sandbox.,"[""malware_ransomware"", ""intermediate""]"
vocab_0112,vocabulary,malware_ransomware,マルウェア・ランサムウェア,beginner,YARA rule,YARAルール,The security team is checking the YARA rule.,"[""malware_ransomware"", ""beginner""]"
vocab_0113,vocabulary,malware_ransomware,マルウェア・ランサムウェア,lower_intermediate,signature,シグネチャ,Please confirm the current signature.,"[""malware_ransomware"", ""lower_intermediate""]"
vocab_0114,vocabulary,malware_ransomware,マルウェア・ランサムウェア,intermediate,behavior analysis,振る舞い分析,This behavior analysis requires follow-up by Friday.,"[""malware_ransomware"", ""intermediate""]"
vocab_0115,vocabulary,malware_ransomware,マルウェア・ランサムウェア,beginner,process injection,プロセスインジェクション,We need to review the process injection before the meeting.,"[""malware_ransomware"", ""beginner""]"
vocab_0116,vocabulary,malware_ransomware,マルウェア・ランサムウェア,lower_intermediate,memory dump,メモリダンプ,The memory dump may affect the incident response plan.,"[""malware_ransomware"", ""lower_intermediate""]"
vocab_0117,vocabulary,malware_ransomware,マルウェア・ランサムウェア,intermediate,persistence mechanism,永続化メカニズム,The persistence mechanism may affect the incident response plan.,"[""malware_ransomware"", ""intermediate""]"
vocab_0118,vocabulary,malware_ransomware,マルウェア・ランサムウェア,beginner,malware family,マルウェアファミリー,This malware family requires follow-up by Friday.,"[""malware_ransomware"", ""beginner""]"
vocab_0119,vocabulary,malware_ransomware,マルウェア・ランサムウェア,lower_intermediate,reverse engineering,リバースエンジニアリング,This reverse engineering requires follow-up by Friday.,"[""malware_ransomware"", ""lower_intermediate""]"
vocab_0120,vocabulary,malware_ransomware,マルウェア・ランサムウェア,intermediate,encryption routine,暗号化処理,Please confirm the current encryption routine.,"[""malware_ransomware"", ""intermediate""]"
vocab_0121,vocabulary,vulnerability_patch,脆弱性・パッチ,beginner,patch,パッチ,The security team is checking the patch.,"[""vulnerability_patch"", ""beginner""]"
vocab_0122,vocabulary,vulnerability_patch,脆弱性・パッチ,lower_intermediate,patch management,パッチ管理,We should document the patch management clearly.,"[""vulnerability_patch"", ""lower_intermediate""]"
vocab_0123,vocabulary,vulnerability_patch,脆弱性・パッチ,intermediate,security update,セキュリティ更新,The security team is checking the security update.,"[""vulnerability_patch"", ""intermediate""]"
vocab_0124,vocabulary,vulnerability_patch,脆弱性・パッチ,beginner,zero-day vulnerability,ゼロデイ脆弱性,This zero-day vulnerability requires follow-up by Friday.,"[""vulnerability_patch"", ""beginner""]"
vocab_0125,vocabulary,vulnerability_patch,脆弱性・パッチ,lower_intermediate,known exploited vulnerability,既知悪用脆弱性,We should document the known exploited vulnerability clearly.,"[""vulnerability_patch"", ""lower_intermediate""]"
vocab_0126,vocabulary,vulnerability_patch,脆弱性・パッチ,intermediate,CVE,CVE,The security team is checking the CVE.,"[""vulnerability_patch"", ""intermediate""]"
vocab_0127,vocabulary,vulnerability_patch,脆弱性・パッチ,beginner,CVSS score,CVSSスコア,The security team is checking the CVSS score.,"[""vulnerability_patch"", ""beginner""]"
vocab_0128,vocabulary,vulnerability_patch,脆弱性・パッチ,lower_intermediate,proof of concept,概念実証コード,This proof of concept requires follow-up by Friday.,"[""vulnerability_patch"", ""lower_intermediate""]"
vocab_0129,vocabulary,vulnerability_patch,脆弱性・パッチ,intermediate,exploit code,攻撃コード,Please confirm the current exploit code.,"[""vulnerability_patch"", ""intermediate""]"
vocab_0130,vocabulary,vulnerability_patch,脆弱性・パッチ,beginner,remediation,是正,We should document the remediation clearly.,"[""vulnerability_patch"", ""beginner""]"
vocab_0131,vocabulary,vulnerability_patch,脆弱性・パッチ,lower_intermediate,workaround,回避策,We should document the workaround clearly.,"[""vulnerability_patch"", ""lower_intermediate""]"
vocab_0132,vocabulary,vulnerability_patch,脆弱性・パッチ,intermediate,configuration issue,設定不備,This configuration issue requires follow-up by Friday.,"[""vulnerability_patch"", ""intermediate""]"
vocab_0133,vocabulary,vulnerability_patch,脆弱性・パッチ,beginner,misconfiguration,誤設定,We need to review the misconfiguration before the meeting.,"[""vulnerability_patch"", ""beginner""]"
vocab_0134,vocabulary,vulnerability_patch,脆弱性・パッチ,lower_intermediate,unsupported system,サポート終了システム,The security team is checking the unsupported system.,"[""vulnerability_patch"", ""lower_intermediate""]"
vocab_0135,vocabulary,vulnerability_patch,脆弱性・パッチ,intermediate,end of life,サポート終了,Please confirm the current end of life.,"[""vulnerability_patch"", ""intermediate""]"
vocab_0136,vocabulary,vulnerability_patch,脆弱性・パッチ,beginner,vulnerability scan,脆弱性スキャン,We need to review the vulnerability scan before the meeting.,"[""vulnerability_patch"", ""beginner""]"
vocab_0137,vocabulary,vulnerability_patch,脆弱性・パッチ,lower_intermediate,authenticated scan,認証付きスキャン,This authenticated scan requires follow-up by Friday.,"[""vulnerability_patch"", ""lower_intermediate""]"
vocab_0138,vocabulary,vulnerability_patch,脆弱性・パッチ,intermediate,penetration test,侵入テスト,We need to review the penetration test before the meeting.,"[""vulnerability_patch"", ""intermediate""]"
vocab_0139,vocabulary,vulnerability_patch,脆弱性・パッチ,beginner,false positive,誤検知,This false positive requires follow-up by Friday.,"[""vulnerability_patch"", ""beginner""]"
vocab_0140,vocabulary,vulnerability_patch,脆弱性・パッチ,lower_intermediate,false negative,検知漏れ,We need to review the false negative before the meeting.,"[""vulnerability_patch"", ""lower_intermediate""]"
vocab_0141,vocabulary,vulnerability_patch,脆弱性・パッチ,intermediate,exception request,例外申請,The exception request may affect the incident response plan.,"[""vulnerability_patch"", ""intermediate""]"
vocab_0142,vocabulary,vulnerability_patch,脆弱性・パッチ,beginner,maintenance window,メンテナンス時間,Please confirm the current maintenance window.,"[""vulnerability_patch"", ""beginner""]"
vocab_0143,vocabulary,vulnerability_patch,脆弱性・パッチ,lower_intermediate,rollback plan,切り戻し計画,Please confirm the current rollback plan.,"[""vulnerability_patch"", ""lower_intermediate""]"
vocab_0144,vocabulary,vulnerability_patch,脆弱性・パッチ,intermediate,change approval,変更承認,We should document the change approval clearly.,"[""vulnerability_patch"", ""intermediate""]"
vocab_0145,vocabulary,vulnerability_patch,脆弱性・パッチ,beginner,emergency change,緊急変更,Please confirm the current emergency change.,"[""vulnerability_patch"", ""beginner""]"
vocab_0146,vocabulary,vulnerability_patch,脆弱性・パッチ,lower_intermediate,configuration drift,設定ドリフト,The security team is checking the configuration drift.,"[""vulnerability_patch"", ""lower_intermediate""]"
vocab_0147,vocabulary,vulnerability_patch,脆弱性・パッチ,intermediate,secure configuration,安全な設定,This secure configuration requires follow-up by Friday.,"[""vulnerability_patch"", ""intermediate""]"
vocab_0148,vocabulary,vulnerability_patch,脆弱性・パッチ,beginner,hardening,ハードニング,We need to review the hardening before the meeting.,"[""vulnerability_patch"", ""beginner""]"
vocab_0149,vocabulary,vulnerability_patch,脆弱性・パッチ,lower_intermediate,attack path,攻撃経路,Please confirm the current attack path.,"[""vulnerability_patch"", ""lower_intermediate""]"
vocab_0150,vocabulary,vulnerability_patch,脆弱性・パッチ,intermediate,remediation plan,是正計画,We need to review the remediation plan before the meeting.,"[""vulnerability_patch"", ""intermediate""]"
vocab_0151,vocabulary,iam_access,認証・アクセス管理,beginner,authentication,認証,We need to review the authentication before the meeting.,"[""iam_access"", ""beginner""]"
vocab_0152,vocabulary,iam_access,認証・アクセス管理,lower_intermediate,authorization,認可,The authorization may affect the incident response plan.,"[""iam_access"", ""lower_intermediate""]"
vocab_0153,vocabulary,iam_access,認証・アクセス管理,intermediate,multi-factor authentication,多要素認証,The security team is checking the multi-factor authentication.,"[""iam_access"", ""intermediate""]"
vocab_0154,vocabulary,iam_access,認証・アクセス管理,beginner,single sign-on,シングルサインオン,The single sign-on may affect the incident response plan.,"[""iam_access"", ""beginner""]"
vocab_0155,vocabulary,iam_access,認証・アクセス管理,lower_intermediate,identity provider,IDプロバイダー,We need to review the identity provider before the meeting.,"[""iam_access"", ""lower_intermediate""]"
vocab_0156,vocabulary,iam_access,認証・アクセス管理,intermediate,privileged account,特権アカウント,This privileged account requires follow-up by Friday.,"[""iam_access"", ""intermediate""]"
vocab_0157,vocabulary,iam_access,認証・アクセス管理,beginner,privileged access management,特権アクセス管理,This privileged access management requires follow-up by Friday.,"[""iam_access"", ""beginner""]"
vocab_0158,vocabulary,iam_access,認証・アクセス管理,lower_intermediate,least privilege,最小権限,This least privilege requires follow-up by Friday.,"[""iam_access"", ""lower_intermediate""]"
vocab_0159,vocabulary,iam_access,認証・アクセス管理,intermediate,role-based access control,ロールベースアクセス制御,This role-based access control requires follow-up by Friday.,"[""iam_access"", ""intermediate""]"
vocab_0160,vocabulary,iam_access,認証・アクセス管理,beginner,attribute-based access control,属性ベースアクセス制御,We should document the attribute-based access control clearly.,"[""iam_access"", ""beginner""]"
vocab_0161,vocabulary,iam_access,認証・アクセス管理,lower_intermediate,access review,アクセス権レビュー,We need to review the access review before the meeting.,"[""iam_access"", ""lower_intermediate""]"
vocab_0162,vocabulary,iam_access,認証・アクセス管理,intermediate,account lockout,アカウントロック,We should document the account lockout clearly.,"[""iam_access"", ""intermediate""]"
vocab_0163,vocabulary,iam_access,認証・アクセス管理,beginner,password reset,パスワードリセット,The password reset may affect the incident response plan.,"[""iam_access"", ""beginner""]"
vocab_0164,vocabulary,iam_access,認証・アクセス管理,lower_intermediate,credential,認証情報,Please confirm the current credential.,"[""iam_access"", ""lower_intermediate""]"
vocab_0165,vocabulary,iam_access,認証・アクセス管理,intermediate,service account,サービスアカウント,This service account requires follow-up by Friday.,"[""iam_access"", ""intermediate""]"
vocab_0166,vocabulary,iam_access,認証・アクセス管理,beginner,inactive account,休眠アカウント,The security team is checking the inactive account.,"[""iam_access"", ""beginner""]"
vocab_0167,vocabulary,iam_access,認証・アクセス管理,lower_intermediate,orphaned account,孤立アカウント,Please confirm the current orphaned account.,"[""iam_access"", ""lower_intermediate""]"
vocab_0168,vocabulary,iam_access,認証・アクセス管理,intermediate,joiner mover leaver process,入社・異動・退職管理,The joiner mover leaver process may affect the incident response plan.,"[""iam_access"", ""intermediate""]"
vocab_0169,vocabulary,iam_access,認証・アクセス管理,beginner,session timeout,セッションタイムアウト,We should document the session timeout clearly.,"[""iam_access"", ""beginner""]"
vocab_0170,vocabulary,iam_access,認証・アクセス管理,lower_intermediate,conditional access,条件付きアクセス,The security team is checking the conditional access.,"[""iam_access"", ""lower_intermediate""]"
vocab_0171,vocabulary,iam_access,認証・アクセス管理,intermediate,password policy,パスワードポリシー,We should document the password policy clearly.,"[""iam_access"", ""intermediate""]"
vocab_0172,vocabulary,iam_access,認証・アクセス管理,beginner,account takeover,アカウント乗っ取り,Please confirm the current account takeover.,"[""iam_access"", ""beginner""]"
vocab_0173,vocabulary,iam_access,認証・アクセス管理,lower_intermediate,impossible travel,不可能な移動,The security team is checking the impossible travel.,"[""iam_access"", ""lower_intermediate""]"
vocab_0174,vocabulary,iam_access,認証・アクセス管理,intermediate,risky sign-in,危険なサインイン,The risky sign-in may affect the incident response plan.,"[""iam_access"", ""intermediate""]"
vocab_0175,vocabulary,iam_access,認証・アクセス管理,beginner,break-glass account,緊急用アカウント,We should document the break-glass account clearly.,"[""iam_access"", ""beginner""]"
vocab_0176,vocabulary,iam_access,認証・アクセス管理,lower_intermediate,access request,アクセス申請,This access request requires follow-up by Friday.,"[""iam_access"", ""lower_intermediate""]"
vocab_0177,vocabulary,iam_access,認証・アクセス管理,intermediate,approval workflow,承認ワークフロー,Please confirm the current approval workflow.,"[""iam_access"", ""intermediate""]"
vocab_0178,vocabulary,iam_access,認証・アクセス管理,beginner,entitlement,権限付与,This entitlement requires follow-up by Friday.,"[""iam_access"", ""beginner""]"
vocab_0179,vocabulary,iam_access,認証・アクセス管理,lower_intermediate,deprovisioning,権限削除,The deprovisioning may affect the incident response plan.,"[""iam_access"", ""lower_intermediate""]"
vocab_0180,vocabulary,iam_access,認証・アクセス管理,intermediate,identity lifecycle,IDライフサイクル,Please confirm the current identity lifecycle.,"[""iam_access"", ""intermediate""]"
vocab_0181,vocabulary,network_endpoint,ネットワーク・エンドポイント,beginner,firewall,ファイアウォール,This firewall requires follow-up by Friday.,"[""network_endpoint"", ""beginner""]"
vocab_0182,vocabulary,network_endpoint,ネットワーク・エンドポイント,lower_intermediate,intrusion detection system,侵入検知システム,We should document the intrusion detection system clearly.,"[""network_endpoint"", ""lower_intermediate""]"
vocab_0183,vocabulary,network_endpoint,ネットワーク・エンドポイント,intermediate,intrusion prevention system,侵入防止システム,The intrusion prevention system may affect the incident response plan.,"[""network_endpoint"", ""intermediate""]"
vocab_0184,vocabulary,network_endpoint,ネットワーク・エンドポイント,beginner,endpoint,エンドポイント,We need to review the endpoint before the meeting.,"[""network_endpoint"", ""beginner""]"
vocab_0185,vocabulary,network_endpoint,ネットワーク・エンドポイント,lower_intermediate,endpoint detection and response,EDR,We need to review the endpoint detection and response before the meeting.,"[""network_endpoint"", ""lower_intermediate""]"
vocab_0186,vocabulary,network_endpoint,ネットワーク・エンドポイント,intermediate,antivirus,アンチウイルス,We need to review the antivirus before the meeting.,"[""network_endpoint"", ""intermediate""]"
vocab_0187,vocabulary,network_endpoint,ネットワーク・エンドポイント,beginner,network segmentation,ネットワーク分離,We should document the network segmentation clearly.,"[""network_endpoint"", ""beginner""]"
vocab_0188,vocabulary,network_endpoint,ネットワーク・エンドポイント,lower_intermediate,VPN,VPN,This VPN requires follow-up by Friday.,"[""network_endpoint"", ""lower_intermediate""]"
vocab_0189,vocabulary,network_endpoint,ネットワーク・エンドポイント,intermediate,proxy server,プロキシサーバー,The proxy server may affect the incident response plan.,"[""network_endpoint"", ""intermediate""]"
vocab_0190,vocabulary,network_endpoint,ネットワーク・エンドポイント,beginner,DNS,DNS,We should document the DNS clearly.,"[""network_endpoint"", ""beginner""]"
vocab_0191,vocabulary,network_endpoint,ネットワーク・エンドポイント,lower_intermediate,IP address,IPアドレス,We should document the IP address clearly.,"[""network_endpoint"", ""lower_intermediate""]"
vocab_0192,vocabulary,network_endpoint,ネットワーク・エンドポイント,intermediate,port,ポート,This port requires follow-up by Friday.,"[""network_endpoint"", ""intermediate""]"
vocab_0193,vocabulary,network_endpoint,ネットワーク・エンドポイント,beginner,packet capture,パケットキャプチャ,The packet capture may affect the incident response plan.,"[""network_endpoint"", ""beginner""]"
vocab_0194,vocabulary,network_endpoint,ネットワーク・エンドポイント,lower_intermediate,traffic,通信,This traffic requires follow-up by Friday.,"[""network_endpoint"", ""lower_intermediate""]"
vocab_0195,vocabulary,network_endpoint,ネットワーク・エンドポイント,intermediate,isolation,隔離,The isolation may affect the incident response plan.,"[""network_endpoint"", ""intermediate""]"
vocab_0196,vocabulary,network_endpoint,ネットワーク・エンドポイント,beginner,blocklist,ブロックリスト,The security team is checking the blocklist.,"[""network_endpoint"", ""beginner""]"
vocab_0197,vocabulary,network_endpoint,ネットワーク・エンドポイント,lower_intermediate,allowlist,許可リスト,This allowlist requires follow-up by Friday.,"[""network_endpoint"", ""lower_intermediate""]"
vocab_0198,vocabulary,network_endpoint,ネットワーク・エンドポイント,intermediate,remote access,リモートアクセス,Please confirm the current remote access.,"[""network_endpoint"", ""intermediate""]"
vocab_0199,vocabulary,network_endpoint,ネットワーク・エンドポイント,beginner,network flow,ネットワークフロー,We need to review the network flow before the meeting.,"[""network_endpoint"", ""beginner""]"
vocab_0200,vocabulary,network_endpoint,ネットワーク・エンドポイント,lower_intermediate,egress traffic,外向き通信,We should document the egress traffic clearly.,"[""network_endpoint"", ""lower_intermediate""]"
vocab_0201,vocabulary,network_endpoint,ネットワーク・エンドポイント,intermediate,ingress traffic,内向き通信,We should document the ingress traffic clearly.,"[""network_endpoint"", ""intermediate""]"
vocab_0202,vocabulary,network_endpoint,ネットワーク・エンドポイント,beginner,DDoS attack,DDoS攻撃,This DDoS attack requires follow-up by Friday.,"[""network_endpoint"", ""beginner""]"
vocab_0203,vocabulary,network_endpoint,ネットワーク・エンドポイント,lower_intermediate,rate limiting,レート制限,The rate limiting may affect the incident response plan.,"[""network_endpoint"", ""lower_intermediate""]"
vocab_0204,vocabulary,network_endpoint,ネットワーク・エンドポイント,intermediate,web application firewall,WAF,The security team is checking the web application firewall.,"[""network_endpoint"", ""intermediate""]"
vocab_0205,vocabulary,network_endpoint,ネットワーク・エンドポイント,beginner,load balancer,ロードバランサー,The security team is checking the load balancer.,"[""network_endpoint"", ""beginner""]"
vocab_0206,vocabulary,network_endpoint,ネットワーク・エンドポイント,lower_intermediate,TLS certificate,TLS証明書,We need to review the TLS certificate before the meeting.,"[""network_endpoint"", ""lower_intermediate""]"
vocab_0207,vocabulary,network_endpoint,ネットワーク・エンドポイント,intermediate,certificate authority,認証局,This certificate authority requires follow-up by Friday.,"[""network_endpoint"", ""intermediate""]"
vocab_0208,vocabulary,network_endpoint,ネットワーク・エンドポイント,beginner,network device,ネットワーク機器,This network device requires follow-up by Friday.,"[""network_endpoint"", ""beginner""]"
vocab_0209,vocabulary,network_endpoint,ネットワーク・エンドポイント,lower_intermediate,firmware,ファームウェア,Please confirm the current firmware.,"[""network_endpoint"", ""lower_intermediate""]"
vocab_0210,vocabulary,network_endpoint,ネットワーク・エンドポイント,intermediate,remote shell,リモートシェル,We should document the remote shell clearly.,"[""network_endpoint"", ""intermediate""]"
vocab_0211,vocabulary,soc_logging,SOC・ログ・監視,beginner,log,ログ,We should document the log clearly.,"[""soc_logging"", ""beginner""]"
vocab_0212,vocabulary,soc_logging,SOC・ログ・監視,lower_intermediate,audit log,監査ログ,This audit log requires follow-up by Friday.,"[""soc_logging"", ""lower_intermediate""]"
vocab_0213,vocabulary,soc_logging,SOC・ログ・監視,intermediate,log source,ログソース,The security team is checking the log source.,"[""soc_logging"", ""intermediate""]"
vocab_0214,vocabulary,soc_logging,SOC・ログ・監視,beginner,SIEM,SIEM,This SIEM requires follow-up by Friday.,"[""soc_logging"", ""beginner""]"
vocab_0215,vocabulary,soc_logging,SOC・ログ・監視,lower_intermediate,SOC,SOC,Please confirm the current SOC.,"[""soc_logging"", ""lower_intermediate""]"
vocab_0216,vocabulary,soc_logging,SOC・ログ・監視,intermediate,use case,検知ユースケース,This use case requires follow-up by Friday.,"[""soc_logging"", ""intermediate""]"
vocab_0217,vocabulary,soc_logging,SOC・ログ・監視,beginner,detection rule,検知ルール,We should document the detection rule clearly.,"[""soc_logging"", ""beginner""]"
vocab_0218,vocabulary,soc_logging,SOC・ログ・監視,lower_intermediate,correlation,相関分析,We should document the correlation clearly.,"[""soc_logging"", ""lower_intermediate""]"
vocab_0219,vocabulary,soc_logging,SOC・ログ・監視,intermediate,baseline,基準値,We should document the baseline clearly.,"[""soc_logging"", ""intermediate""]"
vocab_0220,vocabulary,soc_logging,SOC・ログ・監視,beginner,anomaly,異常,The security team is checking the anomaly.,"[""soc_logging"", ""beginner""]"
vocab_0221,vocabulary,soc_logging,SOC・ログ・監視,lower_intermediate,telemetry,テレメトリー,The telemetry may affect the incident response plan.,"[""soc_logging"", ""lower_intermediate""]"
vocab_0222,vocabulary,soc_logging,SOC・ログ・監視,intermediate,retention period,保存期間,This retention period requires follow-up by Friday.,"[""soc_logging"", ""intermediate""]"
vocab_0223,vocabulary,soc_logging,SOC・ログ・監視,beginner,dashboard,ダッシュボード,We should document the dashboard clearly.,"[""soc_logging"", ""beginner""]"
vocab_0224,vocabulary,soc_logging,SOC・ログ・監視,lower_intermediate,monitoring,監視,We should document the monitoring clearly.,"[""soc_logging"", ""lower_intermediate""]"
vocab_0225,vocabulary,soc_logging,SOC・ログ・監視,intermediate,threat intelligence,脅威インテリジェンス,We need to review the threat intelligence before the meeting.,"[""soc_logging"", ""intermediate""]"
vocab_0226,vocabulary,soc_logging,SOC・ログ・監視,beginner,threat hunting,脅威ハンティング,We need to review the threat hunting before the meeting.,"[""soc_logging"", ""beginner""]"
vocab_0227,vocabulary,soc_logging,SOC・ログ・監視,lower_intermediate,alert fatigue,アラート疲れ,We need to review the alert fatigue before the meeting.,"[""soc_logging"", ""lower_intermediate""]"
vocab_0228,vocabulary,soc_logging,SOC・ログ・監視,intermediate,suppression rule,抑制ルール,We should document the suppression rule clearly.,"[""soc_logging"", ""intermediate""]"
vocab_0229,vocabulary,soc_logging,SOC・ログ・監視,beginner,tuning,チューニング,The security team is checking the tuning.,"[""soc_logging"", ""beginner""]"
vocab_0230,vocabulary,soc_logging,SOC・ログ・監視,lower_intermediate,playbook,プレイブック,We need to review the playbook before the meeting.,"[""soc_logging"", ""lower_intermediate""]"
vocab_0231,vocabulary,soc_logging,SOC・ログ・監視,intermediate,runbook,ランブック,Please confirm the current runbook.,"[""soc_logging"", ""intermediate""]"
vocab_0232,vocabulary,soc_logging,SOC・ログ・監視,beginner,case management,ケース管理,We should document the case management clearly.,"[""soc_logging"", ""beginner""]"
vocab_0233,vocabulary,soc_logging,SOC・ログ・監視,lower_intermediate,mean time to detect,平均検知時間,Please confirm the current mean time to detect.,"[""soc_logging"", ""lower_intermediate""]"
vocab_0234,vocabulary,soc_logging,SOC・ログ・監視,intermediate,mean time to respond,平均対応時間,Please confirm the current mean time to respond.,"[""soc_logging"", ""intermediate""]"
vocab_0235,vocabulary,soc_logging,SOC・ログ・監視,beginner,log ingestion,ログ取り込み,The security team is checking the log ingestion.,"[""soc_logging"", ""beginner""]"
vocab_0236,vocabulary,soc_logging,SOC・ログ・監視,lower_intermediate,parser,パーサー,Please confirm the current parser.,"[""soc_logging"", ""lower_intermediate""]"
vocab_0237,vocabulary,soc_logging,SOC・ログ・監視,intermediate,field mapping,フィールドマッピング,This field mapping requires follow-up by Friday.,"[""soc_logging"", ""intermediate""]"
vocab_0238,vocabulary,soc_logging,SOC・ログ・監視,beginner,watchlist,監視リスト,This watchlist requires follow-up by Friday.,"[""soc_logging"", ""beginner""]"
vocab_0239,vocabulary,soc_logging,SOC・ログ・監視,lower_intermediate,threat hunting query,脅威ハンティングクエリ,The threat hunting query may affect the incident response plan.,"[""soc_logging"", ""lower_intermediate""]"
vocab_0240,vocabulary,soc_logging,SOC・ログ・監視,intermediate,alert severity,アラート重大度,We need to review the alert severity before the meeting.,"[""soc_logging"", ""intermediate""]"
vocab_0241,vocabulary,cloud_data,クラウド・データ保護,beginner,cloud security,クラウドセキュリティ,We should document the cloud security clearly.,"[""cloud_data"", ""beginner""]"
vocab_0242,vocabulary,cloud_data,クラウド・データ保護,lower_intermediate,shared responsibility model,責任共有モデル,This shared responsibility model requires follow-up by Friday.,"[""cloud_data"", ""lower_intermediate""]"
vocab_0243,vocabulary,cloud_data,クラウド・データ保護,intermediate,storage bucket,ストレージバケット,Please confirm the current storage bucket.,"[""cloud_data"", ""intermediate""]"
vocab_0244,vocabulary,cloud_data,クラウド・データ保護,beginner,security group,セキュリティグループ,The security group may affect the incident response plan.,"[""cloud_data"", ""beginner""]"
vocab_0245,vocabulary,cloud_data,クラウド・データ保護,lower_intermediate,API key,APIキー,We should document the API key clearly.,"[""cloud_data"", ""lower_intermediate""]"
vocab_0246,vocabulary,cloud_data,クラウド・データ保護,intermediate,secret,シークレット,The secret may affect the incident response plan.,"[""cloud_data"", ""intermediate""]"
vocab_0247,vocabulary,cloud_data,クラウド・データ保護,beginner,secret rotation,シークレットローテーション,This secret rotation requires follow-up by Friday.,"[""cloud_data"", ""beginner""]"
vocab_0248,vocabulary,cloud_data,クラウド・データ保護,lower_intermediate,data classification,データ分類,Please confirm the current data classification.,"[""cloud_data"", ""lower_intermediate""]"
vocab_0249,vocabulary,cloud_data,クラウド・データ保護,intermediate,data loss prevention,DLP,We should document the data loss prevention clearly.,"[""cloud_data"", ""intermediate""]"
vocab_0250,vocabulary,cloud_data,クラウド・データ保護,beginner,personal data,個人データ,The personal data may affect the incident response plan.,"[""cloud_data"", ""beginner""]"
vocab_0251,vocabulary,cloud_data,クラウド・データ保護,lower_intermediate,sensitive data,機密データ,We need to review the sensitive data before the meeting.,"[""cloud_data"", ""lower_intermediate""]"
vocab_0252,vocabulary,cloud_data,クラウド・データ保護,intermediate,data breach,データ侵害,The data breach may affect the incident response plan.,"[""cloud_data"", ""intermediate""]"
vocab_0253,vocabulary,cloud_data,クラウド・データ保護,beginner,backup,バックアップ,The backup may affect the incident response plan.,"[""cloud_data"", ""beginner""]"
vocab_0254,vocabulary,cloud_data,クラウド・データ保護,lower_intermediate,restore,復元,The security team is checking the restore.,"[""cloud_data"", ""lower_intermediate""]"
vocab_0255,vocabulary,cloud_data,クラウド・データ保護,intermediate,immutable backup,変更不能バックアップ,This immutable backup requires follow-up by Friday.,"[""cloud_data"", ""intermediate""]"
vocab_0256,vocabulary,cloud_data,クラウド・データ保護,beginner,encryption at rest,保存時暗号化,We need to review the encryption at rest before the meeting.,"[""cloud_data"", ""beginner""]"
vocab_0257,vocabulary,cloud_data,クラウド・データ保護,lower_intermediate,encryption in transit,通信時暗号化,We need to review the encryption in transit before the meeting.,"[""cloud_data"", ""lower_intermediate""]"
vocab_0258,vocabulary,cloud_data,クラウド・データ保護,intermediate,key management,鍵管理,This key management requires follow-up by Friday.,"[""cloud_data"", ""intermediate""]"
vocab_0259,vocabulary,cloud_data,クラウド・データ保護,beginner,KMS,鍵管理サービス,We need to review the KMS before the meeting.,"[""cloud_data"", ""beginner""]"
vocab_0260,vocabulary,cloud_data,クラウド・データ保護,lower_intermediate,public exposure,公開状態,This public exposure requires follow-up by Friday.,"[""cloud_data"", ""lower_intermediate""]"
vocab_0261,vocabulary,cloud_data,クラウド・データ保護,intermediate,private endpoint,プライベートエンドポイント,Please confirm the current private endpoint.,"[""cloud_data"", ""intermediate""]"
vocab_0262,vocabulary,cloud_data,クラウド・データ保護,beginner,cloud workload,クラウドワークロード,This cloud workload requires follow-up by Friday.,"[""cloud_data"", ""beginner""]"
vocab_0263,vocabulary,cloud_data,クラウド・データ保護,lower_intermediate,container image,コンテナイメージ,Please confirm the current container image.,"[""cloud_data"", ""lower_intermediate""]"
vocab_0264,vocabulary,cloud_data,クラウド・データ保護,intermediate,image registry,イメージレジストリ,We should document the image registry clearly.,"[""cloud_data"", ""intermediate""]"
vocab_0265,vocabulary,cloud_data,クラウド・データ保護,beginner,Kubernetes cluster,Kubernetesクラスター,We need to review the Kubernetes cluster before the meeting.,"[""cloud_data"", ""beginner""]"
vocab_0266,vocabulary,cloud_data,クラウド・データ保護,lower_intermediate,namespace,名前空間,Please confirm the current namespace.,"[""cloud_data"", ""lower_intermediate""]"
vocab_0267,vocabulary,cloud_data,クラウド・データ保護,intermediate,pod,Pod,The pod may affect the incident response plan.,"[""cloud_data"", ""intermediate""]"
vocab_0268,vocabulary,cloud_data,クラウド・データ保護,beginner,serverless function,サーバーレス関数,We should document the serverless function clearly.,"[""cloud_data"", ""beginner""]"
vocab_0269,vocabulary,cloud_data,クラウド・データ保護,lower_intermediate,object storage,オブジェクトストレージ,Please confirm the current object storage.,"[""cloud_data"", ""lower_intermediate""]"
vocab_0270,vocabulary,cloud_data,クラウド・データ保護,intermediate,data retention,データ保持,The security team is checking the data retention.,"[""cloud_data"", ""intermediate""]"
vocab_0271,vocabulary,compliance_audit,監査・コンプライアンス,beginner,policy,ポリシー,We should document the policy clearly.,"[""compliance_audit"", ""beginner""]"
vocab_0272,vocabulary,compliance_audit,監査・コンプライアンス,lower_intermediate,standard,標準,The standard may affect the incident response plan.,"[""compliance_audit"", ""lower_intermediate""]"
vocab_0273,vocabulary,compliance_audit,監査・コンプライアンス,intermediate,procedure,手順,The security team is checking the procedure.,"[""compliance_audit"", ""intermediate""]"
vocab_0274,vocabulary,compliance_audit,監査・コンプライアンス,beginner,guideline,ガイドライン,The security team is checking the guideline.,"[""compliance_audit"", ""beginner""]"
vocab_0275,vocabulary,compliance_audit,監査・コンプライアンス,lower_intermediate,compliance,コンプライアンス,The compliance may affect the incident response plan.,"[""compliance_audit"", ""lower_intermediate""]"
vocab_0276,vocabulary,compliance_audit,監査・コンプライアンス,intermediate,audit,監査,The audit may affect the incident response plan.,"[""compliance_audit"", ""intermediate""]"
vocab_0277,vocabulary,compliance_audit,監査・コンプライアンス,beginner,audit finding,監査指摘,The security team is checking the audit finding.,"[""compliance_audit"", ""beginner""]"
vocab_0278,vocabulary,compliance_audit,監査・コンプライアンス,lower_intermediate,corrective action,是正措置,We need to review the corrective action before the meeting.,"[""compliance_audit"", ""lower_intermediate""]"
vocab_0279,vocabulary,compliance_audit,監査・コンプライアンス,intermediate,evidence request,証跡依頼,The evidence request may affect the incident response plan.,"[""compliance_audit"", ""intermediate""]"
vocab_0280,vocabulary,compliance_audit,監査・コンプライアンス,beginner,control owner,管理策担当者,We should document the control owner clearly.,"[""compliance_audit"", ""beginner""]"
vocab_0281,vocabulary,compliance_audit,監査・コンプライアンス,lower_intermediate,control testing,管理策テスト,The control testing may affect the incident response plan.,"[""compliance_audit"", ""lower_intermediate""]"
vocab_0282,vocabulary,compliance_audit,監査・コンプライアンス,intermediate,management response,経営側回答,This management response requires follow-up by Friday.,"[""compliance_audit"", ""intermediate""]"
vocab_0283,vocabulary,compliance_audit,監査・コンプライアンス,beginner,gap analysis,ギャップ分析,The gap analysis may affect the incident response plan.,"[""compliance_audit"", ""beginner""]"
vocab_0284,vocabulary,compliance_audit,監査・コンプライアンス,lower_intermediate,regulatory requirement,規制要件,This regulatory requirement requires follow-up by Friday.,"[""compliance_audit"", ""lower_intermediate""]"
vocab_0285,vocabulary,compliance_audit,監査・コンプライアンス,intermediate,internal control,内部統制,We should document the internal control clearly.,"[""compliance_audit"", ""intermediate""]"
vocab_0286,vocabulary,compliance_audit,監査・コンプライアンス,beginner,third-party risk,サードパーティリスク,Please confirm the current third-party risk.,"[""compliance_audit"", ""beginner""]"
vocab_0287,vocabulary,compliance_audit,監査・コンプライアンス,lower_intermediate,vendor assessment,ベンダー評価,We need to review the vendor assessment before the meeting.,"[""compliance_audit"", ""lower_intermediate""]"
vocab_0288,vocabulary,compliance_audit,監査・コンプライアンス,intermediate,due diligence,デューデリジェンス,We need to review the due diligence before the meeting.,"[""compliance_audit"", ""intermediate""]"
vocab_0289,vocabulary,compliance_audit,監査・コンプライアンス,beginner,service-level agreement,SLA,The security team is checking the service-level agreement.,"[""compliance_audit"", ""beginner""]"
vocab_0290,vocabulary,compliance_audit,監査・コンプライアンス,lower_intermediate,data processing agreement,データ処理契約,We should document the data processing agreement clearly.,"[""compliance_audit"", ""lower_intermediate""]"
vocab_0291,vocabulary,compliance_audit,監査・コンプライアンス,intermediate,privacy impact assessment,プライバシー影響評価,We need to review the privacy impact assessment before the meeting.,"[""compliance_audit"", ""intermediate""]"
vocab_0292,vocabulary,compliance_audit,監査・コンプライアンス,beginner,retention policy,保持ポリシー,We should document the retention policy clearly.,"[""compliance_audit"", ""beginner""]"
vocab_0293,vocabulary,compliance_audit,監査・コンプライアンス,lower_intermediate,acceptable use policy,利用規程,The security team is checking the acceptable use policy.,"[""compliance_audit"", ""lower_intermediate""]"
vocab_0294,vocabulary,compliance_audit,監査・コンプライアンス,intermediate,exception approval,例外承認,We should document the exception approval clearly.,"[""compliance_audit"", ""intermediate""]"
vocab_0295,vocabulary,compliance_audit,監査・コンプライアンス,beginner,compliance evidence,準拠証跡,We need to review the compliance evidence before the meeting.,"[""compliance_audit"", ""beginner""]"
vocab_0296,vocabulary,compliance_audit,監査・コンプライアンス,lower_intermediate,audit trail,監査証跡,This audit trail requires follow-up by Friday.,"[""compliance_audit"", ""lower_intermediate""]"
vocab_0297,vocabulary,compliance_audit,監査・コンプライアンス,intermediate,segregation of duties,職務分掌,We need to review the segregation of duties before the meeting.,"[""compliance_audit"", ""intermediate""]"
vocab_0298,vocabulary,compliance_audit,監査・コンプライアンス,beginner,security committee,セキュリティ委員会,The security team is checking the security committee.,"[""compliance_audit"", ""beginner""]"
vocab_0299,vocabulary,compliance_audit,監査・コンプライアンス,lower_intermediate,regulator,規制当局,This regulator requires follow-up by Friday.,"[""compliance_audit"", ""lower_intermediate""]"
vocab_0300,vocabulary,compliance_audit,監査・コンプライアンス,intermediate,audit scope,監査範囲,The security team is checking the audit scope.,"[""compliance_audit"", ""intermediate""]"
vocab_0301,vocabulary,meeting_business,会議・ビジネス表現,beginner,agenda,議題,The agenda may affect the incident response plan.,"[""meeting_business"", ""beginner""]"
vocab_0302,vocabulary,meeting_business,会議・ビジネス表現,lower_intermediate,objective,目的,We should document the objective clearly.,"[""meeting_business"", ""lower_intermediate""]"
vocab_0303,vocabulary,meeting_business,会議・ビジネス表現,intermediate,decision,決定,Please confirm the current decision.,"[""meeting_business"", ""intermediate""]"
vocab_0304,vocabulary,meeting_business,会議・ビジネス表現,beginner,assumption,前提,We should document the assumption clearly.,"[""meeting_business"", ""beginner""]"
vocab_0305,vocabulary,meeting_business,会議・ビジネス表現,lower_intermediate,dependency,依存関係,This dependency requires follow-up by Friday.,"[""meeting_business"", ""lower_intermediate""]"
vocab_0306,vocabulary,meeting_business,会議・ビジネス表現,intermediate,constraint,制約,We need to review the constraint before the meeting.,"[""meeting_business"", ""intermediate""]"
vocab_0307,vocabulary,meeting_business,会議・ビジネス表現,beginner,timeline,スケジュール,Please confirm the current timeline.,"[""meeting_business"", ""beginner""]"
vocab_0308,vocabulary,meeting_business,会議・ビジネス表現,lower_intermediate,milestone,マイルストーン,We need to review the milestone before the meeting.,"[""meeting_business"", ""lower_intermediate""]"
vocab_0309,vocabulary,meeting_business,会議・ビジネス表現,intermediate,blocker,阻害要因,The blocker may affect the incident response plan.,"[""meeting_business"", ""intermediate""]"
vocab_0310,vocabulary,meeting_business,会議・ビジネス表現,beginner,follow-up,フォローアップ,We should document the follow-up clearly.,"[""meeting_business"", ""beginner""]"
vocab_0311,vocabulary,meeting_business,会議・ビジネス表現,lower_intermediate,meeting minutes,議事録,Please confirm the current meeting minutes.,"[""meeting_business"", ""lower_intermediate""]"
vocab_0312,vocabulary,meeting_business,会議・ビジネス表現,intermediate,decision log,決定事項ログ,We need to review the decision log before the meeting.,"[""meeting_business"", ""intermediate""]"
vocab_0313,vocabulary,meeting_business,会議・ビジネス表現,beginner,stakeholder,関係者,We need to review the stakeholder before the meeting.,"[""meeting_business"", ""beginner""]"
vocab_0314,vocabulary,meeting_business,会議・ビジネス表現,lower_intermediate,alignment,認識合わせ,Please confirm the current alignment.,"[""meeting_business"", ""lower_intermediate""]"
vocab_0315,vocabulary,meeting_business,会議・ビジネス表現,intermediate,clarification,明確化,The security team is checking the clarification.,"[""meeting_business"", ""intermediate""]"
vocab_0316,vocabulary,meeting_business,会議・ビジネス表現,beginner,summary,まとめ,The security team is checking the summary.,"[""meeting_business"", ""beginner""]"
vocab_0317,vocabulary,meeting_business,会議・ビジネス表現,lower_intermediate,next step,次のステップ,This next step requires follow-up by Friday.,"[""meeting_business"", ""lower_intermediate""]"
vocab_0318,vocabulary,meeting_business,会議・ビジネス表現,intermediate,open item,未解決事項,Please confirm the current open item.,"[""meeting_business"", ""intermediate""]"
vocab_0319,vocabulary,meeting_business,会議・ビジネス表現,beginner,parking lot,後で扱う事項,We need to review the parking lot before the meeting.,"[""meeting_business"", ""beginner""]"
vocab_0320,vocabulary,meeting_business,会議・ビジネス表現,lower_intermediate,approval,承認,The approval may affect the incident response plan.,"[""meeting_business"", ""lower_intermediate""]"
vocab_0321,vocabulary,meeting_business,会議・ビジネス表現,intermediate,recommendation,推奨事項,This recommendation requires follow-up by Friday.,"[""meeting_business"", ""intermediate""]"
vocab_0322,vocabulary,meeting_business,会議・ビジネス表現,beginner,concern,懸念,We need to review the concern before the meeting.,"[""meeting_business"", ""beginner""]"
vocab_0323,vocabulary,meeting_business,会議・ビジネス表現,lower_intermediate,trade-off,トレードオフ,The trade-off may affect the incident response plan.,"[""meeting_business"", ""lower_intermediate""]"
vocab_0324,vocabulary,meeting_business,会議・ビジネス表現,intermediate,implementation plan,実装計画,The security team is checking the implementation plan.,"[""meeting_business"", ""intermediate""]"
vocab_0325,vocabulary,meeting_business,会議・ビジネス表現,beginner,communication channel,連絡チャネル,Please confirm the current communication channel.,"[""meeting_business"", ""beginner""]"
vocab_0326,vocabulary,meeting_business,会議・ビジネス表現,lower_intermediate,point of contact,窓口,Please confirm the current point of contact.,"[""meeting_business"", ""lower_intermediate""]"
vocab_0327,vocabulary,meeting_business,会議・ビジネス表現,intermediate,handover,引き継ぎ,The security team is checking the handover.,"[""meeting_business"", ""intermediate""]"
vocab_0328,vocabulary,meeting_business,会議・ビジネス表現,beginner,availability,可用性,The availability may affect the incident response plan.,"[""meeting_business"", ""beginner""]"
vocab_0329,vocabulary,meeting_business,会議・ビジネス表現,lower_intermediate,time zone,タイムゾーン,The time zone may affect the incident response plan.,"[""meeting_business"", ""lower_intermediate""]"
vocab_0330,vocabulary,meeting_business,会議・ビジネス表現,intermediate,meeting cadence,会議頻度,The security team is checking the meeting cadence.,"[""meeting_business"", ""intermediate""]"
vocab_0331,vocabulary,incident_response,インシデント対応,beginner,confirm the scope,影響範囲を確認する,We need to confirm the scope today.,"[""incident_response"", ""action_phrase"", ""beginner""]"
vocab_0332,vocabulary,incident_response,インシデント対応,lower_intermediate,isolate the host,ホストを隔離する,We need to isolate the host today.,"[""incident_response"", ""action_phrase"", ""lower_intermediate""]"
vocab_0333,vocabulary,iam_access,認証・アクセス管理,intermediate,disable the account,アカウントを無効化する,We need to disable the account today.,"[""iam_access"", ""action_phrase"", ""intermediate""]"
vocab_0334,vocabulary,iam_access,認証・アクセス管理,beginner,reset the password,パスワードをリセットする,We need to reset the password today.,"[""iam_access"", ""action_phrase"", ""beginner""]"
vocab_0335,vocabulary,phishing_email,フィッシング・メール,lower_intermediate,block the domain,ドメインをブロックする,We need to block the domain today.,"[""phishing_email"", ""action_phrase"", ""lower_intermediate""]"
vocab_0336,vocabulary,network_endpoint,ネットワーク・エンドポイント,intermediate,block the IP address,IPアドレスをブロックする,We need to block the IP address today.,"[""network_endpoint"", ""action_phrase"", ""intermediate""]"
vocab_0337,vocabulary,soc_logging,SOC・ログ・監視,beginner,preserve the logs,ログを保全する,We need to preserve the logs today.,"[""soc_logging"", ""action_phrase"", ""beginner""]"
vocab_0338,vocabulary,incident_response,インシデント対応,lower_intermediate,collect evidence,証拠を収集する,We need to collect evidence today.,"[""incident_response"", ""action_phrase"", ""lower_intermediate""]"
vocab_0339,vocabulary,incident_response,インシデント対応,intermediate,review the timeline,時系列を確認する,We need to review the timeline today.,"[""incident_response"", ""action_phrase"", ""intermediate""]"
vocab_0340,vocabulary,incident_response,インシデント対応,beginner,raise the severity,重大度を上げる,We need to raise the severity today.,"[""incident_response"", ""action_phrase"", ""beginner""]"
vocab_0341,vocabulary,vulnerability_patch,脆弱性・パッチ,lower_intermediate,apply the patch,パッチを適用する,We need to apply the patch today.,"[""vulnerability_patch"", ""action_phrase"", ""lower_intermediate""]"
vocab_0342,vocabulary,vulnerability_patch,脆弱性・パッチ,intermediate,prepare a rollback plan,切り戻し計画を準備する,We need to prepare a rollback plan today.,"[""vulnerability_patch"", ""action_phrase"", ""intermediate""]"
vocab_0343,vocabulary,cloud_data,クラウド・データ保護,beginner,verify the backup,バックアップを確認する,We need to verify the backup today.,"[""cloud_data"", ""action_phrase"", ""beginner""]"
vocab_0344,vocabulary,incident_response,インシデント対応,lower_intermediate,restore the service,サービスを復旧する,We need to restore the service today.,"[""incident_response"", ""action_phrase"", ""lower_intermediate""]"
vocab_0345,vocabulary,meeting_business,会議・ビジネス表現,intermediate,notify stakeholders,関係者に通知する,We need to notify stakeholders today.,"[""meeting_business"", ""action_phrase"", ""intermediate""]"
vocab_0346,vocabulary,incident_response,インシデント対応,beginner,escalate to management,経営層へエスカレーションする,We need to escalate to management today.,"[""incident_response"", ""action_phrase"", ""beginner""]"
vocab_0347,vocabulary,compliance_audit,監査・コンプライアンス,lower_intermediate,request vendor support,ベンダー支援を依頼する,We need to request vendor support today.,"[""compliance_audit"", ""action_phrase"", ""lower_intermediate""]"
vocab_0348,vocabulary,compliance_audit,監査・コンプライアンス,intermediate,document the exception,例外を文書化する,We need to document the exception today.,"[""compliance_audit"", ""action_phrase"", ""intermediate""]"
vocab_0349,vocabulary,risk_governance,リスク・ガバナンス,beginner,accept the residual risk,残留リスクを受容する,We need to accept the residual risk today.,"[""risk_governance"", ""action_phrase"", ""beginner""]"
vocab_0350,vocabulary,soc_logging,SOC・ログ・監視,lower_intermediate,tune the detection rule,検知ルールを調整する,We need to tune the detection rule today.,"[""soc_logging"", ""action_phrase"", ""lower_intermediate""]"
vocab_0351,vocabulary,soc_logging,SOC・ログ・監視,intermediate,increase monitoring,監視を強化する,We need to increase monitoring today.,"[""soc_logging"", ""action_phrase"", ""intermediate""]"
vocab_0352,vocabulary,cloud_data,クラウド・データ保護,beginner,revoke the API key,APIキーを失効する,We need to revoke the API key today.,"[""cloud_data"", ""action_phrase"", ""beginner""]"
vocab_0353,vocabulary,cloud_data,クラウド・データ保護,lower_intermediate,rotate the secret,シークレットをローテーションする,We need to rotate the secret today.,"[""cloud_data"", ""action_phrase"", ""lower_intermediate""]"
vocab_0354,vocabulary,iam_access,認証・アクセス管理,intermediate,review access rights,アクセス権を確認する,We need to review access rights today.,"[""iam_access"", ""action_phrase"", ""intermediate""]"
vocab_0355,vocabulary,iam_access,認証・アクセス管理,beginner,remove excessive permissions,過剰権限を削除する,We need to remove excessive permissions today.,"[""iam_access"", ""action_phrase"", ""beginner""]"
vocab_0356,vocabulary,vulnerability_patch,脆弱性・パッチ,lower_intermediate,run a vulnerability scan,脆弱性スキャンを実行する,We need to run a vulnerability scan today.,"[""vulnerability_patch"", ""action_phrase"", ""lower_intermediate""]"
vocab_0357,vocabulary,malware_ransomware,マルウェア・ランサムウェア,intermediate,check lateral movement,横展開を確認する,We need to check lateral movement today.,"[""malware_ransomware"", ""action_phrase"", ""intermediate""]"
vocab_0358,vocabulary,malware_ransomware,マルウェア・ランサムウェア,beginner,check data exfiltration,データ持ち出しを確認する,We need to check data exfiltration today.,"[""malware_ransomware"", ""action_phrase"", ""beginner""]"
vocab_0359,vocabulary,phishing_email,フィッシング・メール,lower_intermediate,send a takedown request,削除依頼を送る,We need to send a takedown request today.,"[""phishing_email"", ""action_phrase"", ""lower_intermediate""]"
vocab_0360,vocabulary,phishing_email,フィッシング・メール,intermediate,analyze the mail header,メールヘッダーを分析する,We need to analyze the mail header today.,"[""phishing_email"", ""action_phrase"", ""intermediate""]"
vocab_0361,vocabulary,risk_governance,リスク・ガバナンス,beginner,confirm business impact,事業影響を確認する,We need to confirm business impact today.,"[""risk_governance"", ""action_phrase"", ""beginner""]"
vocab_0362,vocabulary,incident_response,インシデント対応,lower_intermediate,prepare the incident report,インシデント報告書を準備する,We need to prepare the incident report today.,"[""incident_response"", ""action_phrase"", ""lower_intermediate""]"
vocab_0363,vocabulary,meeting_business,会議・ビジネス表現,intermediate,summarize the action items,対応事項をまとめる,We need to summarize the action items today.,"[""meeting_business"", ""action_phrase"", ""intermediate""]"
vocab_0364,vocabulary,meeting_business,会議・ビジネス表現,beginner,assign an owner,担当者を割り当てる,We need to assign an owner today.,"[""meeting_business"", ""action_phrase"", ""beginner""]"
vocab_0365,vocabulary,meeting_business,会議・ビジネス表現,lower_intermediate,agree on a deadline,期限を合意する,We need to agree on a deadline today.,"[""meeting_business"", ""action_phrase"", ""lower_intermediate""]"
